{"cameraMode":{"drawMode":0,"name":"Shaded","section":"Shading Mode"},"sceneLighting":false,"audioPlay":false,"sceneViewState":{"showFog":true,"showMaterialUpdate":false,"showSkybox":true,"showFlares":true,"showImageEffects":true,"showParticleSystems":true,"showVisualEffectGraphs":true,"m_FxEnabled":true},"in2DMode":false,"pivot":{"x":1.1522939205169678,"y":10.136127471923829,"z":4.242666244506836},"rotation":{"x":0.7155007123947144,"y":-0.006048750597983599,"z":0.006241586524993181,"w":0.6985296607017517},"size":17.264083862304689,"orthographic":true}