{"cameraMode":{"drawMode":0,"name":"Shaded","section":"Shading Mode"},"sceneLighting":false,"audioPlay":false,"sceneViewState":{"showFog":true,"showMaterialUpdate":false,"showSkybox":true,"showFlares":true,"showImageEffects":true,"showParticleSystems":true,"showVisualEffectGraphs":true,"m_FxEnabled":true},"in2DMode":false,"pivot":{"x":498.02191162109377,"y":1503.744384765625,"z":1288.50732421875},"rotation":{"x":-0.039881929755210879,"y":0.017390530556440355,"z":-0.0006995682488195598,"w":-0.9990569353103638},"size":1629.236572265625,"orthographic":false}