{"cameraMode":{"drawMode":0,"name":"Shaded","section":"Shading Mode"},"sceneLighting":false,"audioPlay":false,"sceneViewState":{"showFog":true,"showMaterialUpdate":false,"showSkybox":true,"showFlares":true,"showImageEffects":true,"showParticleSystems":true,"showVisualEffectGraphs":true,"m_FxEnabled":true},"in2DMode":false,"pivot":{"x":379.68353271484377,"y":445.3741760253906,"z":94.65765380859375},"rotation":{"x":0.006897200830280781,"y":-0.013498779386281968,"z":0.00009471737575950101,"w":0.9998875260353088},"size":508.3898010253906,"orthographic":false}