{"cameraMode":{"drawMode":0,"name":"Shaded","section":"Shading Mode"},"sceneLighting":false,"audioPlay":false,"sceneViewState":{"showFog":true,"showMaterialUpdate":false,"showSkybox":true,"showFlares":true,"showImageEffects":true,"showParticleSystems":true,"showVisualEffectGraphs":true,"m_FxEnabled":true},"in2DMode":false,"pivot":{"x":531.2180786132813,"y":1108.234130859375,"z":63.7926025390625},"rotation":{"x":0.008398030884563923,"y":0.01200103759765625,"z":-0.00009548440721118823,"w":0.9998928308486939},"size":347.3250732421875,"orthographic":false}