{"cameraMode":{"drawMode":0,"name":"Shaded","section":"Shading Mode"},"sceneLighting":false,"audioPlay":false,"sceneViewState":{"showFog":true,"showMaterialUpdate":false,"showSkybox":true,"showFlares":true,"showImageEffects":true,"showParticleSystems":true,"showVisualEffectGraphs":true,"m_FxEnabled":true},"in2DMode":false,"pivot":{"x":654.2091064453125,"y":1059.0926513671875,"z":1270.08740234375},"rotation":{"x":-0.02789495326578617,"y":-0.0005945207667537034,"z":0.000011262959560554009,"w":-0.9996141791343689},"size":2248.20751953125,"orthographic":false}