{"cameraMode":{"drawMode":0,"name":"Shaded","section":"Shading Mode"},"sceneLighting":false,"audioPlay":false,"sceneViewState":{"showFog":true,"showMaterialUpdate":false,"showSkybox":true,"showFlares":true,"showImageEffects":true,"showParticleSystems":true},"in2DMode":false,"pivot":{"x":-4.7886962890625,"y":5.025666236877441,"z":-14.083874702453614},"rotation":{"x":0.0841759592294693,"y":0.0283894632011652,"z":-0.002401134930551052,"w":0.9960500001907349},"size":10.909613609313965,"orthographic":false}